id,employee_id,week_no,segment_id,activity_type,worked,createdAt,updatedAt
6f105087-cfad-4ac3-a4a9-ee6076e1c9f3,527c0825-c4f5-4b50-b424-9f26e7ff4146,2,157b4b14-f446-47ad-b264-7ee92c0c5f7f,File Accessed,True,2025-03-24T23:13:39.950361,2025-03-24T23:13:39.950361
25aa66bd-c35c-43b3-bc07-3ec54d20e61d,5135b494-facb-4f2e-a350-9c01d1ad04a2,2,157b4b14-f446-47ad-b264-7ee92c0c5f7f,Meeting Left,True,2025-03-24T23:13:39.950361,2025-03-24T23:13:39.950361
32a50cda-9230-4e16-a720-53ceaf39ebca,100f2b7f-2a14-4cae-b812-058653740213,5,d604ed4b-39f2-4d75-91ff-c2965b154d5d,Meeting Joined,False,2025-03-24T23:13:39.950361,2025-03-24T23:13:39.950361
6c970e1f-2c74-4ea2-9440-02bca700235c,a5e5b1fa-4e1c-45fb-bc70-a893109b50fe,5,d604ed4b-39f2-4d75-91ff-c2965b154d5d,Meeting Joined,True,2025-03-24T23:13:39.950361,2025-03-24T23:13:39.950361
dbcdce68-343d-4aa9-8982-972e079ff238,eb73b46f-9a26-4fb2-8b32-d8b43bb43648,4,4b6e7505-a094-42df-b37c-423688a6cf74,File Edited,False,2025-03-24T23:13:39.950361,2025-03-24T23:13:39.950361
72f2b572-6dd8-4573-8474-9eb1b5179f66,eb73b46f-9a26-4fb2-8b32-d8b43bb43648,4,4b6e7505-a094-42df-b37c-423688a6cf74,Email Sent,False,2025-03-24T23:13:39.950361,2025-03-24T23:13:39.950361
80c5ec38-2a92-45a5-8cd2-6fbf80663647,2c624061-deb8-4cf6-a41b-594b6cbad847,5,05aac1e1-e578-4e26-8dd4-bdf0be44047b,Call Initiated,False,2025-03-24T23:13:39.950361,2025-03-24T23:13:39.950361
13ee57a8-53d4-4231-b066-b97fca49bca5,70837227-2e8b-4212-8af9-f33ad8e1abf0,5,05aac1e1-e578-4e26-8dd4-bdf0be44047b,Call Initiated,True,2025-03-24T23:13:39.950361,2025-03-24T23:13:39.950361
916505a4-501b-47e2-aafa-184a67242233,a5e5b1fa-4e1c-45fb-bc70-a893109b50fe,3,b0f0e4ee-f49e-4dbe-a4c9-59ecaea8e4b5,File Shared,False,2025-03-24T23:13:39.950361,2025-03-24T23:13:39.950361
17972434-6f89-4f37-b992-3e02e2c136dd,d57a3746-9e8e-4937-bbe6-83429a95a48f,3,b0f0e4ee-f49e-4dbe-a4c9-59ecaea8e4b5,Email Sent,True,2025-03-24T23:13:39.950361,2025-03-24T23:13:39.950361
a48b9ea0-21e6-478e-bbbd-f63454817dd9,523a796b-c502-4562-b6e5-20556a6b8eb0,52,b2e73c9a-7db6-454e-926c-f734e60ab746,Email Sent,True,2025-03-24T23:13:39.950361,2025-03-24T23:13:39.950361
5ece301f-42cd-40ca-a22e-7d65f246af51,70837227-2e8b-4212-8af9-f33ad8e1abf0,52,b2e73c9a-7db6-454e-926c-f734e60ab746,File Edited,False,2025-03-24T23:13:39.950361,2025-03-24T23:13:39.950361
5e085d3d-c5d7-4564-9238-17d69f78c237,527c0825-c4f5-4b50-b424-9f26e7ff4146,3,aa7338e9-6fec-467f-aabc-d4300ff5f29b,Meeting Left,True,2025-03-24T23:13:39.950361,2025-03-24T23:13:39.950361
cfe16c5b-91ed-4040-a636-a7ced7008173,527c0825-c4f5-4b50-b424-9f26e7ff4146,3,aa7338e9-6fec-467f-aabc-d4300ff5f29b,File Accessed,True,2025-03-24T23:13:39.950361,2025-03-24T23:13:39.950361
a487cd0d-4e06-476c-a663-3f43c04d85c5,523a796b-c502-4562-b6e5-20556a6b8eb0,4,57da0fe7-c26d-4999-95f7-1e68e1f81581,Chat Message Sent,True,2025-03-24T23:13:39.950361,2025-03-24T23:13:39.950361
781a3db6-fc39-4af2-91dd-bf59fba8d8a5,66b1ebca-3452-4b6f-be0e-40ccf541c504,4,57da0fe7-c26d-4999-95f7-1e68e1f81581,File Edited,True,2025-03-24T23:13:39.950361,2025-03-24T23:13:39.950361
ec5626a2-1a30-47a6-a4fb-70533a607708,d57a3746-9e8e-4937-bbe6-83429a95a48f,3,770c7893-0970-4a07-81bf-8fe22941287a,Meeting Joined,False,2025-03-24T23:13:39.950361,2025-03-24T23:13:39.950361
aca9df0b-6056-4621-92d2-631f08abab60,100f2b7f-2a14-4cae-b812-058653740213,3,770c7893-0970-4a07-81bf-8fe22941287a,Chat Message Sent,True,2025-03-24T23:13:39.950361,2025-03-24T23:13:39.950361
635c1e96-f98a-4f18-8dbb-e68092f9b4f0,66b1ebca-3452-4b6f-be0e-40ccf541c504,1,1f12f561-ea9a-40aa-8570-45e9d116e4b4,File Accessed,False,2025-03-24T23:13:39.950361,2025-03-24T23:13:39.950361
1577953d-371a-4d9b-872f-96b2c750283c,70837227-2e8b-4212-8af9-f33ad8e1abf0,1,1f12f561-ea9a-40aa-8570-45e9d116e4b4,Email Read,True,2025-03-24T23:13:39.950361,2025-03-24T23:13:39.950361
32a41963-2daf-4081-9469-c9fc06bc4718,a5e5b1fa-4e1c-45fb-bc70-a893109b50fe,3,2d14b563-6d6f-4142-94e0-170f7268be23,Email Read,False,2025-03-24T23:13:39.950361,2025-03-24T23:13:39.950361
3a40cc15-97f1-4249-a124-d9ff06ae0325,100f2b7f-2a14-4cae-b812-058653740213,3,2d14b563-6d6f-4142-94e0-170f7268be23,Chat Message Sent,True,2025-03-24T23:13:39.950361,2025-03-24T23:13:39.950361
5bcd3fb6-60d0-47b5-827a-fe14425cbf45,70837227-2e8b-4212-8af9-f33ad8e1abf0,4,8a90fca2-5085-4c94-9845-eada9da3acc0,File Edited,False,2025-03-24T23:13:39.950361,2025-03-24T23:13:39.950361
3b62905d-ab69-43e0-aa77-73dbaf009f08,eb73b46f-9a26-4fb2-8b32-d8b43bb43648,4,8a90fca2-5085-4c94-9845-eada9da3acc0,Chat Message Sent,False,2025-03-24T23:13:39.950361,2025-03-24T23:13:39.950361
db01f2c0-32a1-47d6-b269-7997ca2b1658,2c624061-deb8-4cf6-a41b-594b6cbad847,4,36f88e67-cd2a-4c76-8c04-4a86d7312db9,File Edited,False,2025-03-24T23:13:39.950361,2025-03-24T23:13:39.950361
e57f946d-a28d-4b4b-bc89-0b5e9896a2bf,d57a3746-9e8e-4937-bbe6-83429a95a48f,4,36f88e67-cd2a-4c76-8c04-4a86d7312db9,Email Sent,True,2025-03-24T23:13:39.950361,2025-03-24T23:13:39.950361
b0d6b857-55af-4716-b170-1615b2dfea61,d57a3746-9e8e-4937-bbe6-83429a95a48f,2,957a4b76-997f-4078-a3fb-68248086b128,Meeting Joined,False,2025-03-24T23:13:39.950361,2025-03-24T23:13:39.950361
89c8c4a7-f4b6-4384-b2b0-4f49763fba5d,66b1ebca-3452-4b6f-be0e-40ccf541c504,2,957a4b76-997f-4078-a3fb-68248086b128,File Shared,False,2025-03-24T23:13:39.950361,2025-03-24T23:13:39.950361
6add7649-5ec6-4146-b63e-568d3db719e2,5135b494-facb-4f2e-a350-9c01d1ad04a2,2,e9fe23ea-e2a1-4afb-917e-2276bd8ccd6a,File Shared,False,2025-03-24T23:13:39.950361,2025-03-24T23:13:39.950361
48b4fa35-9bf0-460f-b30f-5365f85fa48b,eb73b46f-9a26-4fb2-8b32-d8b43bb43648,2,e9fe23ea-e2a1-4afb-917e-2276bd8ccd6a,Email Sent,False,2025-03-24T23:13:39.950361,2025-03-24T23:13:39.950361
977e36a5-fc0e-44e7-bd5e-2a384259f0fe,2c624061-deb8-4cf6-a41b-594b6cbad847,3,0d342ad4-a226-482c-8833-2ac2bda5fd09,Chat Message Sent,False,2025-03-24T23:13:39.950361,2025-03-24T23:13:39.950361
a4f0c1b2-dd4d-4966-b3d3-155e7be1a5c0,eb73b46f-9a26-4fb2-8b32-d8b43bb43648,3,0d342ad4-a226-482c-8833-2ac2bda5fd09,File Accessed,True,2025-03-24T23:13:39.950361,2025-03-24T23:13:39.950361
320ff79a-c1fe-4319-bb0b-0d6fa6bf36b8,523a796b-c502-4562-b6e5-20556a6b8eb0,52,0dc8f10a-6cb0-4743-84e0-46d4e9a39390,Meeting Left,False,2025-03-24T23:13:39.950361,2025-03-24T23:13:39.950361
553fc6a1-fae5-4320-bef4-74f1a5debff0,d57a3746-9e8e-4937-bbe6-83429a95a48f,52,0dc8f10a-6cb0-4743-84e0-46d4e9a39390,Meeting Scheduled,True,2025-03-24T23:13:39.950361,2025-03-24T23:13:39.950361
328daa63-0fda-4892-937e-a9272f6b2282,66b1ebca-3452-4b6f-be0e-40ccf541c504,2,e16de0cd-631e-4343-bd71-9a3029d06491,Call Initiated,False,2025-03-24T23:13:39.950361,2025-03-24T23:13:39.950361
21541cd8-5b90-40f6-9105-39b08feb0dde,d57a3746-9e8e-4937-bbe6-83429a95a48f,2,e16de0cd-631e-4343-bd71-9a3029d06491,Email Read,True,2025-03-24T23:13:39.950361,2025-03-24T23:13:39.950361
bca3c2e7-97b7-4012-860d-419a739efbae,a5e5b1fa-4e1c-45fb-bc70-a893109b50fe,4,6f7c964c-4710-480b-86bf-d31f1f272fc5,Call Initiated,False,2025-03-24T23:13:39.950361,2025-03-24T23:13:39.950361
f1f1272d-cf12-4b5e-a2c2-95d12f07053b,d57a3746-9e8e-4937-bbe6-83429a95a48f,4,6f7c964c-4710-480b-86bf-d31f1f272fc5,Email Sent,True,2025-03-24T23:13:39.950361,2025-03-24T23:13:39.950361
ec1d5533-122e-4d58-8994-254c53299038,70837227-2e8b-4212-8af9-f33ad8e1abf0,3,b791c7ae-3119-4ce0-bada-a65376aba84a,Meeting Left,False,2025-03-24T23:13:39.950361,2025-03-24T23:13:39.950361
6e66cee3-9f70-41b5-823d-9395f6a8c54b,100f2b7f-2a14-4cae-b812-058653740213,3,b791c7ae-3119-4ce0-bada-a65376aba84a,File Shared,True,2025-03-24T23:13:39.950361,2025-03-24T23:13:39.950361
3390bcb2-4841-4d41-a3e2-af8239803051,5135b494-facb-4f2e-a350-9c01d1ad04a2,4,97b2db5b-6d38-4864-b303-8238fe0aed24,File Edited,False,2025-03-24T23:13:39.950361,2025-03-24T23:13:39.950361
5243e888-78f7-4f98-bf69-8cf6b4db3767,523a796b-c502-4562-b6e5-20556a6b8eb0,4,97b2db5b-6d38-4864-b303-8238fe0aed24,File Accessed,False,2025-03-24T23:13:39.950361,2025-03-24T23:13:39.950361
71a55e65-f7e7-48fc-98a8-d85c3fae55ef,eb73b46f-9a26-4fb2-8b32-d8b43bb43648,2,0b2c5792-8aa3-4345-9385-8f542224a6de,Meeting Scheduled,False,2025-03-24T23:13:39.950361,2025-03-24T23:13:39.950361
e9e908d9-71b6-4973-9cea-f6c53f7591c9,5135b494-facb-4f2e-a350-9c01d1ad04a2,2,0b2c5792-8aa3-4345-9385-8f542224a6de,Email Read,True,2025-03-24T23:13:39.950361,2025-03-24T23:13:39.950361
6b5ee6ad-c833-424e-a0a6-66c572433d18,2c624061-deb8-4cf6-a41b-594b6cbad847,1,e8aac4ce-d1b9-461f-aff2-9388fd92bada,Email Read,True,2025-03-24T23:13:39.950361,2025-03-24T23:13:39.950361
8945c2af-f012-4767-b08d-700405f6871a,100f2b7f-2a14-4cae-b812-058653740213,1,e8aac4ce-d1b9-461f-aff2-9388fd92bada,Meeting Joined,True,2025-03-24T23:13:39.950361,2025-03-24T23:13:39.950361
72306724-de11-4797-a48d-e0f56cd4b73f,2c624061-deb8-4cf6-a41b-594b6cbad847,1,3eaba2cc-abe9-45c7-a0ab-8100384a4d37,File Accessed,False,2025-03-24T23:13:39.950361,2025-03-24T23:13:39.950361
46dab465-d4ca-4b7e-bca7-514c50174ff2,d57a3746-9e8e-4937-bbe6-83429a95a48f,1,3eaba2cc-abe9-45c7-a0ab-8100384a4d37,File Accessed,False,2025-03-24T23:13:39.950361,2025-03-24T23:13:39.950361
a4607b9c-635a-4f3f-8ebb-6b6cb3c71224,527c0825-c4f5-4b50-b424-9f26e7ff4146,1,a3d01aa0-6bcf-45b8-9c26-5d1e654371c1,Email Read,True,2025-03-24T23:13:39.950361,2025-03-24T23:13:39.950361
7f2cf175-5b0f-4917-ae93-5369086871d1,d57a3746-9e8e-4937-bbe6-83429a95a48f,1,a3d01aa0-6bcf-45b8-9c26-5d1e654371c1,Call Initiated,False,2025-03-24T23:13:39.950361,2025-03-24T23:13:39.950361
da045424-8992-4748-adb5-57408606f439,523a796b-c502-4562-b6e5-20556a6b8eb0,4,1580b8dd-5440-4cd0-8f48-049c5827bfcf,Meeting Scheduled,True,2025-03-24T23:13:39.950361,2025-03-24T23:13:39.950361
186a0b97-2c56-4d7a-8de6-ea70640ebb7a,eb73b46f-9a26-4fb2-8b32-d8b43bb43648,4,1580b8dd-5440-4cd0-8f48-049c5827bfcf,Meeting Joined,True,2025-03-24T23:13:39.950361,2025-03-24T23:13:39.950361
a07f0ce6-6338-437d-a4d5-b8777eb0dffc,523a796b-c502-4562-b6e5-20556a6b8eb0,1,ec5b5cd6-3cb7-4e29-b57c-19f6e410a1d8,File Shared,True,2025-03-24T23:13:39.950361,2025-03-24T23:13:39.950361
5f8fbb5f-8f40-4d85-ba30-330b07e0c779,100f2b7f-2a14-4cae-b812-058653740213,1,ec5b5cd6-3cb7-4e29-b57c-19f6e410a1d8,Meeting Joined,False,2025-03-24T23:13:39.950361,2025-03-24T23:13:39.950361
fd421609-fcb8-4343-aa66-95b8b9954885,d57a3746-9e8e-4937-bbe6-83429a95a48f,1,50035a77-3148-4df0-b2cf-7dc723ecd472,Email Sent,False,2025-03-24T23:13:39.950361,2025-03-24T23:13:39.950361
27a76137-0df4-4fce-a5fb-30215fef979a,a5e5b1fa-4e1c-45fb-bc70-a893109b50fe,1,50035a77-3148-4df0-b2cf-7dc723ecd472,Call Initiated,True,2025-03-24T23:13:39.950361,2025-03-24T23:13:39.950361
2efe377b-5ce5-4bd4-86be-f4ed02af97c6,2c624061-deb8-4cf6-a41b-594b6cbad847,1,976a9fda-3298-4524-8fff-8641d01079cf,Chat Message Sent,False,2025-03-24T23:13:39.950361,2025-03-24T23:13:39.950361
09d58a12-065a-483e-a757-2d6700bd9fd7,a5e5b1fa-4e1c-45fb-bc70-a893109b50fe,1,976a9fda-3298-4524-8fff-8641d01079cf,Email Sent,True,2025-03-24T23:13:39.950361,2025-03-24T23:13:39.950361
a3870527-2421-4e9b-b910-71862c7301ff,2c624061-deb8-4cf6-a41b-594b6cbad847,1,601c2c0b-1006-4f97-aa39-b91856fc364a,File Accessed,False,2025-03-24T23:13:39.950361,2025-03-24T23:13:39.950361
d5f62427-b839-490d-87d0-2478c166b09e,d57a3746-9e8e-4937-bbe6-83429a95a48f,1,601c2c0b-1006-4f97-aa39-b91856fc364a,Chat Message Sent,False,2025-03-24T23:13:39.950361,2025-03-24T23:13:39.950361
cf379e77-11c1-4d91-8637-d3df3f7311ce,2c624061-deb8-4cf6-a41b-594b6cbad847,1,e4394c41-c803-43a6-ad7b-fd383ad92202,Meeting Left,False,2025-03-24T23:13:39.950361,2025-03-24T23:13:39.950361
19dda879-10fe-4e58-9e46-616afa6472d7,a5e5b1fa-4e1c-45fb-bc70-a893109b50fe,1,e4394c41-c803-43a6-ad7b-fd383ad92202,Meeting Scheduled,False,2025-03-24T23:13:39.950361,2025-03-24T23:13:39.950361
f970b9c1-793b-425b-9ba2-d1d3c2d918e2,100f2b7f-2a14-4cae-b812-058653740213,3,d3485608-1f3f-4966-9a4b-0605bcf7c822,File Shared,False,2025-03-24T23:13:39.950361,2025-03-24T23:13:39.950361
36e85bb3-3d6a-4401-a55d-f049c3772a36,2c624061-deb8-4cf6-a41b-594b6cbad847,3,d3485608-1f3f-4966-9a4b-0605bcf7c822,Email Read,False,2025-03-24T23:13:39.950361,2025-03-24T23:13:39.950361
3a1285c0-9c5a-433b-9ff2-10bcb7bcb117,d57a3746-9e8e-4937-bbe6-83429a95a48f,1,5e8c0313-e190-45ff-83c1-1e57aaa7cdee,Chat Message Sent,True,2025-03-24T23:13:39.950361,2025-03-24T23:13:39.950361
cda3de99-6517-4b3f-be7d-e88799e116aa,eb73b46f-9a26-4fb2-8b32-d8b43bb43648,1,5e8c0313-e190-45ff-83c1-1e57aaa7cdee,Call Initiated,True,2025-03-24T23:13:39.950361,2025-03-24T23:13:39.950361
3ab02418-0ffd-4cf0-af70-c14d51952c7e,eb73b46f-9a26-4fb2-8b32-d8b43bb43648,2,dab9fa52-b5a7-4d5e-a4eb-5b6d53a751fb,File Shared,False,2025-03-24T23:13:39.950361,2025-03-24T23:13:39.950361
391b4988-ae20-4879-a60b-9083e901b6e5,70837227-2e8b-4212-8af9-f33ad8e1abf0,2,dab9fa52-b5a7-4d5e-a4eb-5b6d53a751fb,Meeting Left,True,2025-03-24T23:13:39.950361,2025-03-24T23:13:39.950361
20d4fd75-17da-4a12-991c-9d1c20528f03,70837227-2e8b-4212-8af9-f33ad8e1abf0,52,9eb2e446-e865-466a-8ab7-1bddd327a6ce,Call Initiated,False,2025-03-24T23:13:39.950361,2025-03-24T23:13:39.950361
09a03d69-334d-4fcd-b95d-ea2ed5ddc5c9,d57a3746-9e8e-4937-bbe6-83429a95a48f,52,9eb2e446-e865-466a-8ab7-1bddd327a6ce,Chat Message Sent,True,2025-03-24T23:13:39.950361,2025-03-24T23:13:39.950361
2adf89bb-7489-4f67-9154-753f0e3c4fdb,70837227-2e8b-4212-8af9-f33ad8e1abf0,3,b08a6306-4315-431d-94a8-865c08408eba,Call Initiated,True,2025-03-24T23:13:39.950361,2025-03-24T23:13:39.950361
e177001e-7bf1-402d-8ab0-97653756bc34,a5e5b1fa-4e1c-45fb-bc70-a893109b50fe,3,b08a6306-4315-431d-94a8-865c08408eba,Call Initiated,True,2025-03-24T23:13:39.950361,2025-03-24T23:13:39.950361
aaedf3ca-3b6c-4c60-aeca-604abaa9181a,523a796b-c502-4562-b6e5-20556a6b8eb0,2,892e4850-e038-41cb-833e-6845bafe6c34,Email Sent,False,2025-03-24T23:13:39.950361,2025-03-24T23:13:39.950361
56262b8c-15a8-4d1f-9995-1453e47d30a4,523a796b-c502-4562-b6e5-20556a6b8eb0,2,892e4850-e038-41cb-833e-6845bafe6c34,Meeting Left,False,2025-03-24T23:13:39.950361,2025-03-24T23:13:39.950361
e0ae29b9-3c7f-401a-8001-48524046dc4a,527c0825-c4f5-4b50-b424-9f26e7ff4146,1,fb99310e-f100-4945-9ef2-8e08afc4ec9b,Call Initiated,False,2025-03-24T23:13:39.950361,2025-03-24T23:13:39.950361
27156705-95ec-40b4-ac09-358a605e9d4a,d57a3746-9e8e-4937-bbe6-83429a95a48f,1,fb99310e-f100-4945-9ef2-8e08afc4ec9b,Call Initiated,True,2025-03-24T23:13:39.950361,2025-03-24T23:13:39.950361
3e40c376-5ce3-4ac1-9d0a-17fba79f0188,d57a3746-9e8e-4937-bbe6-83429a95a48f,3,b3814ad1-2663-454e-ae8b-6050a3696b27,Chat Message Sent,False,2025-03-24T23:13:39.950361,2025-03-24T23:13:39.950361
6da9ce7e-1fde-4059-a23c-877a1104ed09,5135b494-facb-4f2e-a350-9c01d1ad04a2,3,b3814ad1-2663-454e-ae8b-6050a3696b27,File Accessed,False,2025-03-24T23:13:39.950361,2025-03-24T23:13:39.950361
2348e88d-cfb2-4476-9326-20c47788fa81,527c0825-c4f5-4b50-b424-9f26e7ff4146,1,599b03b9-db99-49cb-86e6-24f9ce8c9f40,Meeting Left,False,2025-03-24T23:13:39.950361,2025-03-24T23:13:39.950361
b8f1d8be-7ae9-471a-81ae-140bec40764f,2c624061-deb8-4cf6-a41b-594b6cbad847,1,599b03b9-db99-49cb-86e6-24f9ce8c9f40,Call Initiated,True,2025-03-24T23:13:39.950361,2025-03-24T23:13:39.950361
3a781bb5-8a40-4ed1-bec0-2ba48b774559,a5e5b1fa-4e1c-45fb-bc70-a893109b50fe,3,83be4a03-29cd-441d-abf2-5ff3ab8f2d44,Meeting Scheduled,True,2025-03-24T23:13:39.950361,2025-03-24T23:13:39.950361
1a8bc51b-62ae-405c-a17d-e7dd892e2b40,a5e5b1fa-4e1c-45fb-bc70-a893109b50fe,3,83be4a03-29cd-441d-abf2-5ff3ab8f2d44,File Accessed,False,2025-03-24T23:13:39.950361,2025-03-24T23:13:39.950361
2cb0c52c-a062-4949-9710-a8a444d172b6,523a796b-c502-4562-b6e5-20556a6b8eb0,4,78b9e6ae-7d03-4465-9e20-4b1d3068d52d,File Edited,False,2025-03-24T23:13:39.950361,2025-03-24T23:13:39.950361
2143bfaf-aa98-4b98-9571-8d8ae86e93ab,d57a3746-9e8e-4937-bbe6-83429a95a48f,4,78b9e6ae-7d03-4465-9e20-4b1d3068d52d,Meeting Left,True,2025-03-24T23:13:39.950361,2025-03-24T23:13:39.950361
708519f9-e7cf-4ad4-8c16-7d5b916790b3,66b1ebca-3452-4b6f-be0e-40ccf541c504,1,0ba34d08-ac8b-4b80-b61f-70cc71a0e5d5,File Edited,False,2025-03-24T23:13:39.950361,2025-03-24T23:13:39.950361
ea87effe-cd4f-4d62-aa92-bc62062c8b82,527c0825-c4f5-4b50-b424-9f26e7ff4146,1,0ba34d08-ac8b-4b80-b61f-70cc71a0e5d5,Email Read,False,2025-03-24T23:13:39.950361,2025-03-24T23:13:39.950361
41fd0af9-836e-4b10-b275-145d88d4dac3,d57a3746-9e8e-4937-bbe6-83429a95a48f,2,4f041dd9-c73c-4047-b12e-f8de10acf361,Email Sent,False,2025-03-24T23:13:39.950361,2025-03-24T23:13:39.950361
eb52df47-2d01-4898-9fdb-7fbb86ea2fd0,a5e5b1fa-4e1c-45fb-bc70-a893109b50fe,2,4f041dd9-c73c-4047-b12e-f8de10acf361,File Accessed,True,2025-03-24T23:13:39.950361,2025-03-24T23:13:39.950361
cb45d084-ba2f-4811-bbb7-c13f56fbd7e7,5135b494-facb-4f2e-a350-9c01d1ad04a2,3,e784fab5-d0fa-481a-9543-e726435f673b,Email Sent,True,2025-03-24T23:13:39.950361,2025-03-24T23:13:39.950361
e67d1967-fca6-4c06-872c-1d2575e2e88a,70837227-2e8b-4212-8af9-f33ad8e1abf0,3,e784fab5-d0fa-481a-9543-e726435f673b,Meeting Scheduled,False,2025-03-24T23:13:39.950361,2025-03-24T23:13:39.950361
b6f76452-b416-453a-bd5b-84ea26f63972,2c624061-deb8-4cf6-a41b-594b6cbad847,4,1d37e9b7-6879-4b7b-b9ba-0d378d7d00e2,Email Sent,False,2025-03-24T23:13:39.950361,2025-03-24T23:13:39.950361
2713e512-7fca-49d4-9a72-58cdf9541b1a,527c0825-c4f5-4b50-b424-9f26e7ff4146,4,1d37e9b7-6879-4b7b-b9ba-0d378d7d00e2,Meeting Left,True,2025-03-24T23:13:39.950361,2025-03-24T23:13:39.950361
71e5b9e6-bdf1-490a-b0c7-66c0af0ff105,2c624061-deb8-4cf6-a41b-594b6cbad847,4,6ed40f2f-0532-4a6f-a081-98ca8249cede,Call Initiated,False,2025-03-24T23:13:39.950361,2025-03-24T23:13:39.950361
75b56ec6-9362-41e3-a5fd-e298e87ae9e5,523a796b-c502-4562-b6e5-20556a6b8eb0,4,6ed40f2f-0532-4a6f-a081-98ca8249cede,Meeting Joined,False,2025-03-24T23:13:39.950361,2025-03-24T23:13:39.950361
fd2ea5b0-a3bc-490c-b6c4-fce8a4b23df6,eb73b46f-9a26-4fb2-8b32-d8b43bb43648,3,fe9014e8-e7c9-4a59-9a4e-1ef4168798d3,Meeting Joined,True,2025-03-24T23:13:39.950361,2025-03-24T23:13:39.950361
8266863e-f326-4567-b09a-224111c15902,5135b494-facb-4f2e-a350-9c01d1ad04a2,3,fe9014e8-e7c9-4a59-9a4e-1ef4168798d3,Call Initiated,False,2025-03-24T23:13:39.950361,2025-03-24T23:13:39.950361
529d2673-2c1c-4545-b62f-f9f52e7278bd,66b1ebca-3452-4b6f-be0e-40ccf541c504,4,1fdde752-36bf-4d40-b9c9-0de61e59245b,File Shared,False,2025-03-24T23:13:39.950361,2025-03-24T23:13:39.950361
a5b7a3b2-f38f-4c35-bf22-76bc0254136d,d57a3746-9e8e-4937-bbe6-83429a95a48f,4,1fdde752-36bf-4d40-b9c9-0de61e59245b,Call Initiated,True,2025-03-24T23:13:39.950361,2025-03-24T23:13:39.950361
9ac4676e-b9db-4e0f-967e-9b88180a08ea,eb73b46f-9a26-4fb2-8b32-d8b43bb43648,2,f228fcad-4b8e-4aa9-a7fb-b8cf76dfaff7,Meeting Left,False,2025-03-24T23:13:39.950361,2025-03-24T23:13:39.950361
d79f3540-d75a-4799-a8ca-11bcbdb10f90,a5e5b1fa-4e1c-45fb-bc70-a893109b50fe,2,f228fcad-4b8e-4aa9-a7fb-b8cf76dfaff7,Meeting Joined,False,2025-03-24T23:13:39.950361,2025-03-24T23:13:39.950361
4d381e82-7709-415b-8b10-5017b1776462,eb73b46f-9a26-4fb2-8b32-d8b43bb43648,4,00ab18e5-0ccb-46b2-a551-d86d1467f18f,Meeting Joined,True,2025-03-24T23:13:39.950361,2025-03-24T23:13:39.950361
7cd20aeb-64f1-4ccf-bee8-c39e8b070680,100f2b7f-2a14-4cae-b812-058653740213,4,00ab18e5-0ccb-46b2-a551-d86d1467f18f,Meeting Left,True,2025-03-24T23:13:39.950361,2025-03-24T23:13:39.950361
c279a678-5b29-4d97-b6de-56cf3b3d74e8,a5e5b1fa-4e1c-45fb-bc70-a893109b50fe,52,cb39ad45-0dbc-4a72-93fe-2bbea036d07b,Email Sent,False,2025-03-24T23:13:39.950361,2025-03-24T23:13:39.950361
f90dce16-3226-4d0e-954d-a80008498fec,527c0825-c4f5-4b50-b424-9f26e7ff4146,52,cb39ad45-0dbc-4a72-93fe-2bbea036d07b,Meeting Left,True,2025-03-24T23:13:39.950361,2025-03-24T23:13:39.950361
54fdbc11-16f6-4408-8c3b-accbc67d4e5b,100f2b7f-2a14-4cae-b812-058653740213,2,e2922b71-1663-4c7d-a2cc-e156d6a6f5e4,File Edited,False,2025-03-24T23:13:39.950361,2025-03-24T23:13:39.950361
f32cbef5-78a8-4e5c-814c-5ee54ed8d90e,5135b494-facb-4f2e-a350-9c01d1ad04a2,2,e2922b71-1663-4c7d-a2cc-e156d6a6f5e4,File Edited,False,2025-03-24T23:13:39.950361,2025-03-24T23:13:39.950361
95d05668-c1b9-4858-b2d9-1d4e954bcd68,2c624061-deb8-4cf6-a41b-594b6cbad847,4,3cb72108-2235-4af6-be24-e32bbc2e8082,File Accessed,True,2025-03-24T23:13:39.950361,2025-03-24T23:13:39.950361
be8ec489-fda3-4b8a-a72d-11a34ada35a8,eb73b46f-9a26-4fb2-8b32-d8b43bb43648,4,3cb72108-2235-4af6-be24-e32bbc2e8082,Meeting Joined,False,2025-03-24T23:13:39.950361,2025-03-24T23:13:39.950361
46c6f968-64b4-4bdf-9dc6-ac64a1ba7830,100f2b7f-2a14-4cae-b812-058653740213,3,f76dc8b4-669b-4b96-8da0-35603bcb43bf,Meeting Scheduled,True,2025-03-24T23:13:39.950361,2025-03-24T23:13:39.950361
f634fbed-a093-4d47-b3aa-f133b39f2577,66b1ebca-3452-4b6f-be0e-40ccf541c504,3,f76dc8b4-669b-4b96-8da0-35603bcb43bf,Meeting Scheduled,False,2025-03-24T23:13:39.950361,2025-03-24T23:13:39.950361
d8eb97a9-2b32-4607-8b4e-51b199ca07f8,5135b494-facb-4f2e-a350-9c01d1ad04a2,1,0ac13e8a-40bd-4713-851a-02dad31f0c6a,File Shared,True,2025-03-24T23:13:39.950361,2025-03-24T23:13:39.950361
e41d4f31-bd26-45b9-8d87-9bfe580cc2d7,5135b494-facb-4f2e-a350-9c01d1ad04a2,1,0ac13e8a-40bd-4713-851a-02dad31f0c6a,Meeting Joined,True,2025-03-24T23:13:39.950361,2025-03-24T23:13:39.950361
a504cfb0-13eb-43e3-8d43-dd17e4742b4b,a5e5b1fa-4e1c-45fb-bc70-a893109b50fe,3,6cb2b9b9-7918-4c37-b96a-102c2024104a,File Edited,True,2025-03-24T23:13:39.950361,2025-03-24T23:13:39.950361
5c7d18c1-4060-4914-9089-642aacd368b0,d57a3746-9e8e-4937-bbe6-83429a95a48f,3,6cb2b9b9-7918-4c37-b96a-102c2024104a,Chat Message Sent,True,2025-03-24T23:13:39.950361,2025-03-24T23:13:39.950361
47e10042-4953-43a7-a3d3-c7f7b9310f55,a5e5b1fa-4e1c-45fb-bc70-a893109b50fe,1,98369b2b-8386-40c4-a3ff-7fe238647bcb,File Accessed,True,2025-03-24T23:13:39.950361,2025-03-24T23:13:39.950361
54c83718-5ac5-49e0-86df-2d938fd5d727,2c624061-deb8-4cf6-a41b-594b6cbad847,1,98369b2b-8386-40c4-a3ff-7fe238647bcb,File Shared,False,2025-03-24T23:13:39.950361,2025-03-24T23:13:39.950361
06f7c1b2-2a36-41de-b619-32301fa5b273,5135b494-facb-4f2e-a350-9c01d1ad04a2,1,8cc93697-e02a-475b-b282-44923ba894e4,Chat Message Sent,False,2025-03-24T23:13:39.950361,2025-03-24T23:13:39.950361
ce53a84b-8f1c-480c-9609-3039c7aacb46,d57a3746-9e8e-4937-bbe6-83429a95a48f,1,8cc93697-e02a-475b-b282-44923ba894e4,Meeting Scheduled,True,2025-03-24T23:13:39.950361,2025-03-24T23:13:39.950361
a52860af-15ca-4a1e-bc51-dcc94b5287f2,5135b494-facb-4f2e-a350-9c01d1ad04a2,1,b6b3fdce-88cc-468d-bb71-5f6b1e3fbb55,Meeting Joined,False,2025-03-24T23:13:39.950361,2025-03-24T23:13:39.950361
6b982e95-00f7-4b79-8041-6b071b53d3b7,2c624061-deb8-4cf6-a41b-594b6cbad847,1,b6b3fdce-88cc-468d-bb71-5f6b1e3fbb55,File Shared,False,2025-03-24T23:13:39.950361,2025-03-24T23:13:39.950361
250a7189-5d60-4395-b8ff-dbb0065e18f5,eb73b46f-9a26-4fb2-8b32-d8b43bb43648,1,7109dba8-87cc-4a82-b7a2-5f7acb0cd804,Meeting Scheduled,False,2025-03-24T23:13:39.950361,2025-03-24T23:13:39.950361
b63230ce-7be5-49de-b0c7-88d49ff9db52,a5e5b1fa-4e1c-45fb-bc70-a893109b50fe,1,7109dba8-87cc-4a82-b7a2-5f7acb0cd804,Email Sent,True,2025-03-24T23:13:39.950361,2025-03-24T23:13:39.950361
0073bacb-c785-46fe-a820-34a948f84cd1,2c624061-deb8-4cf6-a41b-594b6cbad847,4,d480f223-2555-4ebe-b7f6-c641c623841a,Meeting Joined,True,2025-03-24T23:13:39.950361,2025-03-24T23:13:39.950361
82c2596c-e87a-4918-aa72-192835990b94,527c0825-c4f5-4b50-b424-9f26e7ff4146,4,d480f223-2555-4ebe-b7f6-c641c623841a,Meeting Scheduled,True,2025-03-24T23:13:39.950361,2025-03-24T23:13:39.950361
03a04378-8735-4886-82c2-f12c14fd1259,66b1ebca-3452-4b6f-be0e-40ccf541c504,2,021df78f-2dcc-4063-82ac-e2aa304e18e2,Chat Message Sent,False,2025-03-24T23:13:39.950361,2025-03-24T23:13:39.950361
5c06586c-fa68-4253-8339-8c1eb3b4d56d,100f2b7f-2a14-4cae-b812-058653740213,2,021df78f-2dcc-4063-82ac-e2aa304e18e2,File Shared,False,2025-03-24T23:13:39.950361,2025-03-24T23:13:39.950361
6eb91650-3efa-40a3-a72b-d2c985eac9c0,a5e5b1fa-4e1c-45fb-bc70-a893109b50fe,5,687c4275-8cdf-4fa9-9672-df7dacf2d94c,File Edited,False,2025-03-24T23:13:39.950361,2025-03-24T23:13:39.950361
ccbc3fe4-9a0d-4875-ab23-a9f107d3e17e,5135b494-facb-4f2e-a350-9c01d1ad04a2,5,687c4275-8cdf-4fa9-9672-df7dacf2d94c,Email Sent,False,2025-03-24T23:13:39.950361,2025-03-24T23:13:39.950361
0db5c382-6f1f-4f71-b75e-56c65520d501,527c0825-c4f5-4b50-b424-9f26e7ff4146,1,a1c790e6-7437-4d12-ba1a-dfddd1a943b0,Meeting Joined,False,2025-03-24T23:13:39.950361,2025-03-24T23:13:39.950361
fadf3b0c-bd82-4ada-b9d1-c1ba27e71191,66b1ebca-3452-4b6f-be0e-40ccf541c504,1,a1c790e6-7437-4d12-ba1a-dfddd1a943b0,Meeting Scheduled,False,2025-03-24T23:13:39.950361,2025-03-24T23:13:39.950361
d9109549-046c-4e01-a52e-9bf1d491577c,a5e5b1fa-4e1c-45fb-bc70-a893109b50fe,3,6c57f0b9-9952-4e9e-a882-66d483d2a49d,Meeting Joined,True,2025-03-24T23:13:39.950361,2025-03-24T23:13:39.950361
cf674902-a51f-4fa8-a20b-b4bd9d6398f5,5135b494-facb-4f2e-a350-9c01d1ad04a2,3,6c57f0b9-9952-4e9e-a882-66d483d2a49d,Email Read,True,2025-03-24T23:13:39.950361,2025-03-24T23:13:39.950361
05d159ed-e924-4bbc-9091-777e03c14bca,66b1ebca-3452-4b6f-be0e-40ccf541c504,2,c02effa5-ed64-44b7-8dd4-859ea2f5fd20,Chat Message Sent,True,2025-03-24T23:13:39.950361,2025-03-24T23:13:39.950361
11345e83-a6e0-4d76-85a3-d4144ed63995,66b1ebca-3452-4b6f-be0e-40ccf541c504,2,c02effa5-ed64-44b7-8dd4-859ea2f5fd20,Chat Message Sent,True,2025-03-24T23:13:39.950361,2025-03-24T23:13:39.950361
377c1852-d036-45a7-8dd0-0d94491990a0,5135b494-facb-4f2e-a350-9c01d1ad04a2,1,c711b5a6-40af-4f21-85d1-3f18bb44b143,Call Initiated,True,2025-03-24T23:13:39.950361,2025-03-24T23:13:39.950361
5c239bc9-5da0-46f2-b4af-d0f4bc4d8e43,527c0825-c4f5-4b50-b424-9f26e7ff4146,1,c711b5a6-40af-4f21-85d1-3f18bb44b143,Meeting Scheduled,True,2025-03-24T23:13:39.950361,2025-03-24T23:13:39.950361
c675ca57-ee48-4f7f-b62a-5df3cff95ac1,5135b494-facb-4f2e-a350-9c01d1ad04a2,2,fced137e-0030-4a65-ada2-a04c7a1e5f3f,Chat Message Sent,False,2025-03-24T23:13:39.950361,2025-03-24T23:13:39.950361
c44615bb-94e9-4fad-9bac-d33a5c651666,a5e5b1fa-4e1c-45fb-bc70-a893109b50fe,2,fced137e-0030-4a65-ada2-a04c7a1e5f3f,Meeting Scheduled,False,2025-03-24T23:13:39.950361,2025-03-24T23:13:39.950361
3931795c-b786-490f-8a58-0bfc5b25851d,a5e5b1fa-4e1c-45fb-bc70-a893109b50fe,3,ab6fa349-9875-4e9a-94d6-549399dd9197,File Edited,False,2025-03-24T23:13:39.950361,2025-03-24T23:13:39.950361
78f9a781-2b23-40ab-8ac8-aee0305c426a,66b1ebca-3452-4b6f-be0e-40ccf541c504,3,ab6fa349-9875-4e9a-94d6-549399dd9197,Meeting Scheduled,False,2025-03-24T23:13:39.950361,2025-03-24T23:13:39.950361
8b94644c-2b10-40c1-9837-c8d8fbcaec3e,100f2b7f-2a14-4cae-b812-058653740213,1,f5e1cc9c-d4bf-4556-95ab-572a35f5ff0d,File Accessed,True,2025-03-24T23:13:39.950361,2025-03-24T23:13:39.950361
6880d38d-acd6-4184-ac5c-63739c923e9b,100f2b7f-2a14-4cae-b812-058653740213,1,f5e1cc9c-d4bf-4556-95ab-572a35f5ff0d,Email Sent,True,2025-03-24T23:13:39.950361,2025-03-24T23:13:39.950361
8046d331-7d5d-4ba9-9e06-38c94c87d485,a5e5b1fa-4e1c-45fb-bc70-a893109b50fe,1,4095f782-d357-46a2-857b-a69181cd4eca,Meeting Joined,False,2025-03-24T23:13:39.950361,2025-03-24T23:13:39.950361
bb4ffdc9-a1cc-4136-a34d-ba80baea9c3e,d57a3746-9e8e-4937-bbe6-83429a95a48f,1,4095f782-d357-46a2-857b-a69181cd4eca,Meeting Scheduled,True,2025-03-24T23:13:39.950361,2025-03-24T23:13:39.950361
f2f54e22-9272-4b3a-91e2-ef3bb82038f4,a5e5b1fa-4e1c-45fb-bc70-a893109b50fe,3,94fa5712-e752-4130-af62-8d06eb9f9682,Call Initiated,False,2025-03-24T23:13:39.950361,2025-03-24T23:13:39.950361
5a729811-e16e-4eda-bc5c-73b42206a2d0,5135b494-facb-4f2e-a350-9c01d1ad04a2,3,94fa5712-e752-4130-af62-8d06eb9f9682,File Edited,False,2025-03-24T23:13:39.950361,2025-03-24T23:13:39.950361
9463fb24-6c95-46d5-aaa2-8ba7e4e48ac8,eb73b46f-9a26-4fb2-8b32-d8b43bb43648,3,d7d3e415-43d2-47ec-b117-670b6965b623,Chat Message Sent,True,2025-03-24T23:13:39.950361,2025-03-24T23:13:39.950361
fc6b81f1-f249-424e-8b7b-02edfd38ba44,100f2b7f-2a14-4cae-b812-058653740213,3,d7d3e415-43d2-47ec-b117-670b6965b623,File Shared,True,2025-03-24T23:13:39.950361,2025-03-24T23:13:39.950361
c2c86f27-37c6-4c59-8193-a0838cadebf1,527c0825-c4f5-4b50-b424-9f26e7ff4146,1,4c54e836-9913-447f-aea0-43dcd2daee26,Chat Message Sent,False,2025-03-24T23:13:39.950361,2025-03-24T23:13:39.950361
89623831-4591-40ed-bfbe-44050a346f38,66b1ebca-3452-4b6f-be0e-40ccf541c504,1,4c54e836-9913-447f-aea0-43dcd2daee26,Email Sent,False,2025-03-24T23:13:39.950361,2025-03-24T23:13:39.950361
8de2c171-a835-4fee-998e-dcde668d69ce,527c0825-c4f5-4b50-b424-9f26e7ff4146,3,6d44c6b5-6b4e-41cb-a6d6-ccf17c746fe4,File Edited,False,2025-03-24T23:13:39.950361,2025-03-24T23:13:39.950361
f77df327-2fee-40ab-9720-204aeb20a39c,d57a3746-9e8e-4937-bbe6-83429a95a48f,3,6d44c6b5-6b4e-41cb-a6d6-ccf17c746fe4,File Edited,False,2025-03-24T23:13:39.950361,2025-03-24T23:13:39.950361
c9723f29-375a-4310-b728-3f39cbff7758,66b1ebca-3452-4b6f-be0e-40ccf541c504,52,64b580ee-b4a3-4495-be48-6a8b46142c1f,Meeting Scheduled,True,2025-03-24T23:13:39.950361,2025-03-24T23:13:39.950361
8634ec32-fd4a-43b8-b251-1df41e7fed64,100f2b7f-2a14-4cae-b812-058653740213,52,64b580ee-b4a3-4495-be48-6a8b46142c1f,Meeting Left,False,2025-03-24T23:13:39.950361,2025-03-24T23:13:39.950361
f512dba0-437c-4841-a9bd-73fd711b7114,100f2b7f-2a14-4cae-b812-058653740213,3,a26a0b5a-0603-4b6a-8d71-dbc6b467b9f7,Call Initiated,True,2025-03-24T23:13:39.950361,2025-03-24T23:13:39.950361
01d2766e-8fd2-4f8e-a219-d72a60ee8201,d57a3746-9e8e-4937-bbe6-83429a95a48f,3,a26a0b5a-0603-4b6a-8d71-dbc6b467b9f7,Meeting Scheduled,True,2025-03-24T23:13:39.950361,2025-03-24T23:13:39.950361
5520ec7a-162a-4bc9-945e-32334cf3896b,a5e5b1fa-4e1c-45fb-bc70-a893109b50fe,4,fffbcef0-8bec-4fa9-8bb8-c8090d895c35,Email Read,False,2025-03-24T23:13:39.950361,2025-03-24T23:13:39.950361
9501b022-dc1a-41e2-aaba-a205e40c4766,70837227-2e8b-4212-8af9-f33ad8e1abf0,4,fffbcef0-8bec-4fa9-8bb8-c8090d895c35,File Accessed,True,2025-03-24T23:13:39.950361,2025-03-24T23:13:39.950361
9d76008f-f1c1-4e05-a7f7-c3b22c7f8b58,2c624061-deb8-4cf6-a41b-594b6cbad847,4,697c01c3-75a7-44c8-adc3-185e7515e77e,Meeting Joined,True,2025-03-24T23:13:39.950361,2025-03-24T23:13:39.950361
a668f548-2c9c-4689-884f-e0e9c55fb10e,527c0825-c4f5-4b50-b424-9f26e7ff4146,4,697c01c3-75a7-44c8-adc3-185e7515e77e,File Accessed,False,2025-03-24T23:13:39.950361,2025-03-24T23:13:39.950361
58fafa65-13b8-42a3-ad4b-b8639a76f8e4,a5e5b1fa-4e1c-45fb-bc70-a893109b50fe,3,94581848-486a-47d1-81c8-d2e900933e8c,Email Read,True,2025-03-24T23:13:39.950361,2025-03-24T23:13:39.950361
e364a0da-4bc1-4305-ab50-9d0e4cab1ac4,66b1ebca-3452-4b6f-be0e-40ccf541c504,3,94581848-486a-47d1-81c8-d2e900933e8c,File Edited,False,2025-03-24T23:13:39.950361,2025-03-24T23:13:39.950361
f2197e38-37f2-4563-95c7-21c5c7f8da90,100f2b7f-2a14-4cae-b812-058653740213,4,dc71dff7-c221-4973-b848-3b94443b72ad,File Edited,True,2025-03-24T23:13:39.950361,2025-03-24T23:13:39.950361
a704e6e8-51f7-4b79-9ac7-9df66b9e2a8e,523a796b-c502-4562-b6e5-20556a6b8eb0,4,dc71dff7-c221-4973-b848-3b94443b72ad,Email Sent,True,2025-03-24T23:13:39.950361,2025-03-24T23:13:39.950361
3624a0ee-f03f-4857-a83f-cb912c056286,100f2b7f-2a14-4cae-b812-058653740213,4,b98e0e8d-7509-4f37-acdb-af69b0573b23,Email Sent,False,2025-03-24T23:13:39.950361,2025-03-24T23:13:39.950361
1a5eb3e6-a8c0-450f-ace0-8abf29dfdc69,a5e5b1fa-4e1c-45fb-bc70-a893109b50fe,4,b98e0e8d-7509-4f37-acdb-af69b0573b23,Meeting Scheduled,False,2025-03-24T23:13:39.950361,2025-03-24T23:13:39.950361
9cb454e4-0a4c-4c14-8d3b-308029a58b87,5135b494-facb-4f2e-a350-9c01d1ad04a2,4,10d76355-ff87-4f38-b2be-ae92ec3a3f38,File Edited,False,2025-03-24T23:13:39.950361,2025-03-24T23:13:39.950361
8e67c6a6-a9f2-46a8-b060-8ec897864b9f,2c624061-deb8-4cf6-a41b-594b6cbad847,4,10d76355-ff87-4f38-b2be-ae92ec3a3f38,Call Initiated,False,2025-03-24T23:13:39.950361,2025-03-24T23:13:39.950361
f0f36692-a757-4987-adf7-3758dfabfd5a,d57a3746-9e8e-4937-bbe6-83429a95a48f,2,8b75682c-40e3-4016-9f9f-1826f0af1d7f,File Shared,True,2025-03-24T23:13:39.950361,2025-03-24T23:13:39.950361
1e0cf147-678e-4537-bccf-a06a8647d3ee,66b1ebca-3452-4b6f-be0e-40ccf541c504,2,8b75682c-40e3-4016-9f9f-1826f0af1d7f,File Shared,False,2025-03-24T23:13:39.950361,2025-03-24T23:13:39.950361
3abf3d4b-8e90-47b1-83d0-0b2055b84d76,70837227-2e8b-4212-8af9-f33ad8e1abf0,4,106855ba-7799-49c1-841a-c6dfd1ba80f3,Call Initiated,False,2025-03-24T23:13:39.950361,2025-03-24T23:13:39.950361
c72992ee-39ba-4216-8074-9016f05e4ec6,527c0825-c4f5-4b50-b424-9f26e7ff4146,4,106855ba-7799-49c1-841a-c6dfd1ba80f3,Email Sent,False,2025-03-24T23:13:39.950361,2025-03-24T23:13:39.950361
05a100b5-be31-4074-8588-93b84cae8b2b,d57a3746-9e8e-4937-bbe6-83429a95a48f,3,e6ac38ef-ccbf-4d57-9746-4f0f852caebc,Chat Message Sent,False,2025-03-24T23:13:39.950361,2025-03-24T23:13:39.950361
2ba09432-1ba4-4ee6-9bda-78a4734caea1,a5e5b1fa-4e1c-45fb-bc70-a893109b50fe,3,e6ac38ef-ccbf-4d57-9746-4f0f852caebc,Email Read,True,2025-03-24T23:13:39.950361,2025-03-24T23:13:39.950361
cb42ca39-950d-4f08-ba4e-1b6eefd2f0f8,eb73b46f-9a26-4fb2-8b32-d8b43bb43648,4,dc11903c-5958-4506-8bd6-e58798bbdd54,File Accessed,True,2025-03-24T23:13:39.950361,2025-03-24T23:13:39.950361
970c6b0d-fd7d-4174-b3a7-518d81dfdbba,2c624061-deb8-4cf6-a41b-594b6cbad847,4,dc11903c-5958-4506-8bd6-e58798bbdd54,File Accessed,True,2025-03-24T23:13:39.950361,2025-03-24T23:13:39.950361
6783aeda-8bf0-4513-90ba-d3893bcae9ac,5135b494-facb-4f2e-a350-9c01d1ad04a2,4,4483fb36-f848-42c4-8579-6b1eafec02cf,Call Initiated,False,2025-03-24T23:13:39.950361,2025-03-24T23:13:39.950361
309a8bf3-403b-4b27-bf36-0492695f9c36,d57a3746-9e8e-4937-bbe6-83429a95a48f,4,4483fb36-f848-42c4-8579-6b1eafec02cf,Call Initiated,False,2025-03-24T23:13:39.950361,2025-03-24T23:13:39.950361
657ca0bd-2a3b-48ae-9b37-1910beeb0637,d57a3746-9e8e-4937-bbe6-83429a95a48f,52,a3a4699f-320a-4ff7-b03f-44adfa2bc5cd,Meeting Joined,False,2025-03-24T23:13:39.950361,2025-03-24T23:13:39.950361
7e64437d-9ec6-4aa4-85a7-5e9b44b30925,eb73b46f-9a26-4fb2-8b32-d8b43bb43648,52,a3a4699f-320a-4ff7-b03f-44adfa2bc5cd,Meeting Joined,False,2025-03-24T23:13:39.950361,2025-03-24T23:13:39.950361
7ea42e64-e18b-4483-a21a-728586d959c0,66b1ebca-3452-4b6f-be0e-40ccf541c504,3,aee11632-8f81-4490-bc35-1f0b7cd25b25,Meeting Left,False,2025-03-24T23:13:39.950361,2025-03-24T23:13:39.950361
3c1f773d-5c3c-48c4-819a-3188c48b60cb,2c624061-deb8-4cf6-a41b-594b6cbad847,3,aee11632-8f81-4490-bc35-1f0b7cd25b25,Chat Message Sent,False,2025-03-24T23:13:39.950361,2025-03-24T23:13:39.950361
b692a47c-df1a-4638-983d-038b8b0928bb,66b1ebca-3452-4b6f-be0e-40ccf541c504,1,9e8d9e59-2432-4788-920c-1213b93993f3,Email Sent,True,2025-03-24T23:13:39.950361,2025-03-24T23:13:39.950361
3e8dc97e-2aa0-4120-8538-dc5c0e53ef1a,527c0825-c4f5-4b50-b424-9f26e7ff4146,1,9e8d9e59-2432-4788-920c-1213b93993f3,Meeting Joined,False,2025-03-24T23:13:39.950361,2025-03-24T23:13:39.950361
f1aa4ef1-0d07-4038-ae04-af5a49f805e0,5135b494-facb-4f2e-a350-9c01d1ad04a2,2,721b8a35-4d9a-4c68-a8cb-210ecd15685b,Chat Message Sent,True,2025-03-24T23:13:39.950361,2025-03-24T23:13:39.950361
cb2da597-903f-483f-92f7-c87f155650ac,70837227-2e8b-4212-8af9-f33ad8e1abf0,2,721b8a35-4d9a-4c68-a8cb-210ecd15685b,Call Initiated,False,2025-03-24T23:13:39.950361,2025-03-24T23:13:39.950361
4b9230a3-84ea-4017-9782-83f4a7021231,523a796b-c502-4562-b6e5-20556a6b8eb0,2,2d305695-5b9c-4e02-a8b7-f44be963a1da,Email Sent,False,2025-03-24T23:13:39.950361,2025-03-24T23:13:39.950361
35fe2028-707d-4fb6-bc89-101726ff292c,d57a3746-9e8e-4937-bbe6-83429a95a48f,2,2d305695-5b9c-4e02-a8b7-f44be963a1da,Call Initiated,False,2025-03-24T23:13:39.950361,2025-03-24T23:13:39.950361
393b8250-4399-436d-a04b-a391eca90bbc,d57a3746-9e8e-4937-bbe6-83429a95a48f,2,0ce89e33-3ea0-4511-9b33-920b7370ad44,Meeting Left,True,2025-03-24T23:13:39.950361,2025-03-24T23:13:39.950361
e8170293-8177-4dbf-a7b9-6906c406c56c,d57a3746-9e8e-4937-bbe6-83429a95a48f,2,0ce89e33-3ea0-4511-9b33-920b7370ad44,Meeting Left,True,2025-03-24T23:13:39.950361,2025-03-24T23:13:39.950361
b939a802-7ab2-48c3-ad40-79dc9bf869c5,66b1ebca-3452-4b6f-be0e-40ccf541c504,2,f3a29bf2-2ddb-4639-9dfc-b8d25804b544,File Accessed,False,2025-03-24T23:13:39.950361,2025-03-24T23:13:39.950361
920bbd8b-d85c-4588-924a-876f745294ee,5135b494-facb-4f2e-a350-9c01d1ad04a2,2,f3a29bf2-2ddb-4639-9dfc-b8d25804b544,Meeting Joined,True,2025-03-24T23:13:39.950361,2025-03-24T23:13:39.950361
9b998c4d-1d5c-4446-abf2-6186f0dfe195,d57a3746-9e8e-4937-bbe6-83429a95a48f,1,914d441c-51b3-4b01-8800-54b8fa8950cc,Chat Message Sent,True,2025-03-24T23:13:39.950361,2025-03-24T23:13:39.950361
20956ec1-59f0-492a-bd9e-19f46fa85f3f,2c624061-deb8-4cf6-a41b-594b6cbad847,1,914d441c-51b3-4b01-8800-54b8fa8950cc,Meeting Joined,False,2025-03-24T23:13:39.950361,2025-03-24T23:13:39.950361
a33cd75a-1c74-44b4-ab8a-6dddc62eeee7,d57a3746-9e8e-4937-bbe6-83429a95a48f,3,30f873de-db91-4ace-8579-353d51d24709,File Shared,False,2025-03-24T23:13:39.950361,2025-03-24T23:13:39.950361
90dfdebe-ae0e-43e8-b5ac-68d17a08700b,5135b494-facb-4f2e-a350-9c01d1ad04a2,3,30f873de-db91-4ace-8579-353d51d24709,File Accessed,True,2025-03-24T23:13:39.950361,2025-03-24T23:13:39.950361
3eda3bba-1406-4c20-8771-9c78dd50a96d,a5e5b1fa-4e1c-45fb-bc70-a893109b50fe,2,32265b97-87a6-4028-ba30-036cba02cab6,File Shared,True,2025-03-24T23:13:39.950361,2025-03-24T23:13:39.950361
55bb1a5a-b42d-4829-921e-805d0b43e6ee,66b1ebca-3452-4b6f-be0e-40ccf541c504,2,32265b97-87a6-4028-ba30-036cba02cab6,Meeting Scheduled,False,2025-03-24T23:13:39.950361,2025-03-24T23:13:39.950361
0d92ff64-76ee-444e-ba1c-ad10bbba43ef,527c0825-c4f5-4b50-b424-9f26e7ff4146,1,b70c8f96-2bce-458f-b6a8-9ad1c63db340,File Shared,False,2025-03-24T23:13:39.950361,2025-03-24T23:13:39.950361
52ef73e2-02e7-4441-8cbb-dea3a0c8d56e,527c0825-c4f5-4b50-b424-9f26e7ff4146,1,b70c8f96-2bce-458f-b6a8-9ad1c63db340,Email Sent,True,2025-03-24T23:13:39.950361,2025-03-24T23:13:39.950361
